subject,count,link
"canada",153,"https://shawngraham.github.io/test-collectionbuilder/browse.html#canada"
"history",138,"https://shawngraham.github.io/test-collectionbuilder/browse.html#history"
"not yet catalogued",51,"https://shawngraham.github.io/test-collectionbuilder/browse.html#not%20yet%20catalogued"
"canadian history",45,"https://shawngraham.github.io/test-collectionbuilder/browse.html#canadian%20history"
"ontario",32,"https://shawngraham.github.io/test-collectionbuilder/browse.html#ontario"
"great britain",25,"https://shawngraham.github.io/test-collectionbuilder/browse.html#great%20britain"
"european history",17,"https://shawngraham.github.io/test-collectionbuilder/browse.html#european%20history"
"foreign relations",13,"https://shawngraham.github.io/test-collectionbuilder/browse.html#foreign%20relations"
"world war, 1939-1945",12,"https://shawngraham.github.io/test-collectionbuilder/browse.html#world%20war,%201939-1945"
"united states",12,"https://shawngraham.github.io/test-collectionbuilder/browse.html#united%20states"
"women",12,"https://shawngraham.github.io/test-collectionbuilder/browse.html#women"
"england",12,"https://shawngraham.github.io/test-collectionbuilder/browse.html#england"
"first nations",11,"https://shawngraham.github.io/test-collectionbuilder/browse.html#first%20nations"
"19th century",11,"https://shawngraham.github.io/test-collectionbuilder/browse.html#19th%20century"
"new brunswick",11,"https://shawngraham.github.io/test-collectionbuilder/browse.html#new%20brunswick"
"social conditions",10,"https://shawngraham.github.io/test-collectionbuilder/browse.html#social%20conditions"
"nova scotia",10,"https://shawngraham.github.io/test-collectionbuilder/browse.html#nova%20scotia"
"france",8,"https://shawngraham.github.io/test-collectionbuilder/browse.html#france"
"united states history",7,"https://shawngraham.github.io/test-collectionbuilder/browse.html#united%20states%20history"
"modern",7,"https://shawngraham.github.io/test-collectionbuilder/browse.html#modern"
"cold war",7,"https://shawngraham.github.io/test-collectionbuilder/browse.html#cold%20war"
"social aspects",7,"https://shawngraham.github.io/test-collectionbuilder/browse.html#social%20aspects"
"dominican republic",7,"https://shawngraham.github.io/test-collectionbuilder/browse.html#dominican%20republic"
"quebec (province)",7,"https://shawngraham.github.io/test-collectionbuilder/browse.html#quebec%20(province)"
"african history",6,"https://shawngraham.github.io/test-collectionbuilder/browse.html#african%20history"
"gender studies",6,"https://shawngraham.github.io/test-collectionbuilder/browse.html#gender%20studies"
"study and teaching",6,"https://shawngraham.github.io/test-collectionbuilder/browse.html#study%20and%20teaching"
"india",6,"https://shawngraham.github.io/test-collectionbuilder/browse.html#india"
"world war, 1914-1918",6,"https://shawngraham.github.io/test-collectionbuilder/browse.html#world%20war,%201914-1918"
"canadian army",6,"https://shawngraham.github.io/test-collectionbuilder/browse.html#canadian%20army"
"recreation",5,"https://shawngraham.github.io/test-collectionbuilder/browse.html#recreation"
"african americans",5,"https://shawngraham.github.io/test-collectionbuilder/browse.html#african%20americans"
"soviet union",5,"https://shawngraham.github.io/test-collectionbuilder/browse.html#soviet%20union"
"armed forces",5,"https://shawngraham.github.io/test-collectionbuilder/browse.html#armed%20forces"
"prince edward island",5,"https://shawngraham.github.io/test-collectionbuilder/browse.html#prince%20edward%20island"
"germany",5,"https://shawngraham.github.io/test-collectionbuilder/browse.html#germany"
"politics and government",5,"https://shawngraham.github.io/test-collectionbuilder/browse.html#politics%20and%20government"
"commerce",5,"https://shawngraham.github.io/test-collectionbuilder/browse.html#commerce"
"education",4,"https://shawngraham.github.io/test-collectionbuilder/browse.html#education"
"history of religion",4,"https://shawngraham.github.io/test-collectionbuilder/browse.html#history%20of%20religion"
"education - history of",4,"https://shawngraham.github.io/test-collectionbuilder/browse.html#education%20-%20history%20of"
"women's studies",4,"https://shawngraham.github.io/test-collectionbuilder/browse.html#women's%20studies"
"military",4,"https://shawngraham.github.io/test-collectionbuilder/browse.html#military"
"history, modern",4,"https://shawngraham.github.io/test-collectionbuilder/browse.html#history,%20modern"
"social structure",4,"https://shawngraham.github.io/test-collectionbuilder/browse.html#social%20structure"
"government relations",4,"https://shawngraham.github.io/test-collectionbuilder/browse.html#government%20relations"
"history 19th century",4,"https://shawngraham.github.io/test-collectionbuilder/browse.html#history%2019th%20century"
"railroads",4,"https://shawngraham.github.io/test-collectionbuilder/browse.html#railroads"
"medieval",3,"https://shawngraham.github.io/test-collectionbuilder/browse.html#medieval"
"history of science",3,"https://shawngraham.github.io/test-collectionbuilder/browse.html#history%20of%20science"
"transportation",3,"https://shawngraham.github.io/test-collectionbuilder/browse.html#transportation"
"american studies",3,"https://shawngraham.github.io/test-collectionbuilder/browse.html#american%20studies"
"canada - history",3,"https://shawngraham.github.io/test-collectionbuilder/browse.html#canada%20-%20history"
"gender mainstreaming",3,"https://shawngraham.github.io/test-collectionbuilder/browse.html#gender%20mainstreaming"
"religion",3,"https://shawngraham.github.io/test-collectionbuilder/browse.html#religion"
"military history",3,"https://shawngraham.github.io/test-collectionbuilder/browse.html#military%20history"
"church history",3,"https://shawngraham.github.io/test-collectionbuilder/browse.html#church%20history"
"music",3,"https://shawngraham.github.io/test-collectionbuilder/browse.html#music"
"history and criticism",3,"https://shawngraham.github.io/test-collectionbuilder/browse.html#history%20and%20criticism"
"political culture",3,"https://shawngraham.github.io/test-collectionbuilder/browse.html#political%20culture"
"world politics",3,"https://shawngraham.github.io/test-collectionbuilder/browse.html#world%20politics"
"santo domingo",3,"https://shawngraham.github.io/test-collectionbuilder/browse.html#santo%20domingo"
"halifax",3,"https://shawngraham.github.io/test-collectionbuilder/browse.html#halifax"
"ukrainian canadians",3,"https://shawngraham.github.io/test-collectionbuilder/browse.html#ukrainian%20canadians"
"ethnic identity",3,"https://shawngraham.github.io/test-collectionbuilder/browse.html#ethnic%20identity"
"capital punishment",3,"https://shawngraham.github.io/test-collectionbuilder/browse.html#capital%20punishment"
"immigrants",3,"https://shawngraham.github.io/test-collectionbuilder/browse.html#immigrants"
"yorkshire",3,"https://shawngraham.github.io/test-collectionbuilder/browse.html#yorkshire"
"20th century",3,"https://shawngraham.github.io/test-collectionbuilder/browse.html#20th%20century"
"government policy",3,"https://shawngraham.github.io/test-collectionbuilder/browse.html#government%20policy"
"yarmouth",3,"https://shawngraham.github.io/test-collectionbuilder/browse.html#yarmouth"
"politics and government 1935-1957",3,"https://shawngraham.github.io/test-collectionbuilder/browse.html#politics%20and%20government%201935-1957"
"aix-en-provence",3,"https://shawngraham.github.io/test-collectionbuilder/browse.html#aix-en-provence"
"campaigns",3,"https://shawngraham.github.io/test-collectionbuilder/browse.html#campaigns"
"societies and clubs",3,"https://shawngraham.github.io/test-collectionbuilder/browse.html#societies%20and%20clubs"
"bloomfield",3,"https://shawngraham.github.io/test-collectionbuilder/browse.html#bloomfield"
"hungary",3,"https://shawngraham.github.io/test-collectionbuilder/browse.html#hungary"
"intellectual life",3,"https://shawngraham.github.io/test-collectionbuilder/browse.html#intellectual%20life"
"ottawa (ont",3,"https://shawngraham.github.io/test-collectionbuilder/browse.html#ottawa%20(ont"
"ghana",3,"https://shawngraham.github.io/test-collectionbuilder/browse.html#ghana"
"indians of north america",3,"https://shawngraham.github.io/test-collectionbuilder/browse.html#indians%20of%20north%20america"
"manitoba",3,"https://shawngraham.github.io/test-collectionbuilder/browse.html#manitoba"
"red river settlement",3,"https://shawngraham.github.io/test-collectionbuilder/browse.html#red%20river%20settlement"
"theater",2,"https://shawngraham.github.io/test-collectionbuilder/browse.html#theater"
"russian and soviet",2,"https://shawngraham.github.io/test-collectionbuilder/browse.html#russian%20and%20soviet"
"cultural anthropology",2,"https://shawngraham.github.io/test-collectionbuilder/browse.html#cultural%20anthropology"
"journalism",2,"https://shawngraham.github.io/test-collectionbuilder/browse.html#journalism"
"literature",2,"https://shawngraham.github.io/test-collectionbuilder/browse.html#literature"
"law",2,"https://shawngraham.github.io/test-collectionbuilder/browse.html#law"
"industrial relations",2,"https://shawngraham.github.io/test-collectionbuilder/browse.html#industrial%20relations"
"canadian literature",2,"https://shawngraham.github.io/test-collectionbuilder/browse.html#canadian%20literature"
"cistercians",2,"https://shawngraham.github.io/test-collectionbuilder/browse.html#cistercians"
"1945-1989",2,"https://shawngraham.github.io/test-collectionbuilder/browse.html#1945-1989"
"middle ages, 600-1500",2,"https://shawngraham.github.io/test-collectionbuilder/browse.html#middle%20ages,%20600-1500"
"african american college students",2,"https://shawngraham.github.io/test-collectionbuilder/browse.html#african%20american%20college%20students"
"public opinion",2,"https://shawngraham.github.io/test-collectionbuilder/browse.html#public%20opinion"
"legal status, laws, etc",2,"https://shawngraham.github.io/test-collectionbuilder/browse.html#legal%20status,%20laws,%20etc"
"nationalism",2,"https://shawngraham.github.io/test-collectionbuilder/browse.html#nationalism"
"political aspects",2,"https://shawngraham.github.io/test-collectionbuilder/browse.html#political%20aspects"
"participation, indian",2,"https://shawngraham.github.io/test-collectionbuilder/browse.html#participation,%20indian"
"refugees",2,"https://shawngraham.github.io/test-collectionbuilder/browse.html#refugees"
"case studies",2,"https://shawngraham.github.io/test-collectionbuilder/browse.html#case%20studies"
"catholic women",2,"https://shawngraham.github.io/test-collectionbuilder/browse.html#catholic%20women"
"capitalism",2,"https://shawngraham.github.io/test-collectionbuilder/browse.html#capitalism"
"environmental aspects",2,"https://shawngraham.github.io/test-collectionbuilder/browse.html#environmental%20aspects"
"arms transfers",2,"https://shawngraham.github.io/test-collectionbuilder/browse.html#arms%20transfers"
"press",2,"https://shawngraham.github.io/test-collectionbuilder/browse.html#press"
"urban residence",2,"https://shawngraham.github.io/test-collectionbuilder/browse.html#urban%20residence"
"ottawa",2,"https://shawngraham.github.io/test-collectionbuilder/browse.html#ottawa"
"toronto",2,"https://shawngraham.github.io/test-collectionbuilder/browse.html#toronto"
"politics and government 20th century",2,"https://shawngraham.github.io/test-collectionbuilder/browse.html#politics%20and%20government%2020th%20century"
"progressive conservative party of canada",2,"https://shawngraham.github.io/test-collectionbuilder/browse.html#progressive%20conservative%20party%20of%20canada"
"history 20th century",2,"https://shawngraham.github.io/test-collectionbuilder/browse.html#history%2020th%20century"
"canadian broadcasting corporation",2,"https://shawngraham.github.io/test-collectionbuilder/browse.html#canadian%20broadcasting%20corporation"
"military intelligence",2,"https://shawngraham.github.io/test-collectionbuilder/browse.html#military%20intelligence"
"military maneuvers",2,"https://shawngraham.github.io/test-collectionbuilder/browse.html#military%20maneuvers"
"cold weather conditions",2,"https://shawngraham.github.io/test-collectionbuilder/browse.html#cold%20weather%20conditions"
"military policy",2,"https://shawngraham.github.io/test-collectionbuilder/browse.html#military%20policy"
"employment",2,"https://shawngraham.github.io/test-collectionbuilder/browse.html#employment"
"military relations",2,"https://shawngraham.github.io/test-collectionbuilder/browse.html#military%20relations"
"ammianus marcellinus",2,"https://shawngraham.github.io/test-collectionbuilder/browse.html#ammianus%20marcellinus"
"rome",2,"https://shawngraham.github.io/test-collectionbuilder/browse.html#rome"
"medical care",2,"https://shawngraham.github.io/test-collectionbuilder/browse.html#medical%20care"
"relations",2,"https://shawngraham.github.io/test-collectionbuilder/browse.html#relations"
"suffrage",2,"https://shawngraham.github.io/test-collectionbuilder/browse.html#suffrage"
"royal canadian navy",2,"https://shawngraham.github.io/test-collectionbuilder/browse.html#royal%20canadian%20navy"
"italy",2,"https://shawngraham.github.io/test-collectionbuilder/browse.html#italy"
"carlyle, thomas, 1795-1881",2,"https://shawngraham.github.io/test-collectionbuilder/browse.html#carlyle,%20thomas,%201795-1881"
"czechoslovakia",2,"https://shawngraham.github.io/test-collectionbuilder/browse.html#czechoslovakia"
"church of england",2,"https://shawngraham.github.io/test-collectionbuilder/browse.html#church%20of%20england"
"pictorial works",2,"https://shawngraham.github.io/test-collectionbuilder/browse.html#pictorial%20works"
"ontario, northern",2,"https://shawngraham.github.io/test-collectionbuilder/browse.html#ontario,%20northern"
"cross-cultural studies",2,"https://shawngraham.github.io/test-collectionbuilder/browse.html#cross-cultural%20studies"
"food adulteration and inspection",2,"https://shawngraham.github.io/test-collectionbuilder/browse.html#food%20adulteration%20and%20inspection"
"saint lawrence seaway",2,"https://shawngraham.github.io/test-collectionbuilder/browse.html#saint%20lawrence%20seaway"
"power utilization",2,"https://shawngraham.github.io/test-collectionbuilder/browse.html#power%20utilization"
"yukon",2,"https://shawngraham.github.io/test-collectionbuilder/browse.html#yukon"
"economic conditions",2,"https://shawngraham.github.io/test-collectionbuilder/browse.html#economic%20conditions"
"maritime provinces",2,"https://shawngraham.github.io/test-collectionbuilder/browse.html#maritime%20provinces"
"politics and government 1867-",2,"https://shawngraham.github.io/test-collectionbuilder/browse.html#politics%20and%20government%201867-"
"russia",2,"https://shawngraham.github.io/test-collectionbuilder/browse.html#russia"
"exiles",2,"https://shawngraham.github.io/test-collectionbuilder/browse.html#exiles"
"electric industries",2,"https://shawngraham.github.io/test-collectionbuilder/browse.html#electric%20industries"
"history revolution, 1775-1783",2,"https://shawngraham.github.io/test-collectionbuilder/browse.html#history%20revolution,%201775-1783"
"trials",2,"https://shawngraham.github.io/test-collectionbuilder/browse.html#trials"
"boundaries",2,"https://shawngraham.github.io/test-collectionbuilder/browse.html#boundaries"
"missions",2,"https://shawngraham.github.io/test-collectionbuilder/browse.html#missions"
"colonies",2,"https://shawngraham.github.io/test-collectionbuilder/browse.html#colonies"
"defenses",2,"https://shawngraham.github.io/test-collectionbuilder/browse.html#defenses"
"industry",2,"https://shawngraham.github.io/test-collectionbuilder/browse.html#industry"
"black history",1,"https://shawngraham.github.io/test-collectionbuilder/browse.html#black%20history"
"rhetoric and composition",1,"https://shawngraham.github.io/test-collectionbuilder/browse.html#rhetoric%20and%20composition"
"public history",1,"https://shawngraham.github.io/test-collectionbuilder/browse.html#public%20history"
"design and decorative arts",1,"https://shawngraham.github.io/test-collectionbuilder/browse.html#design%20and%20decorative%20arts"
"literature - medieval",1,"https://shawngraham.github.io/test-collectionbuilder/browse.html#literature%20-%20medieval"
"international law and relations",1,"https://shawngraham.github.io/test-collectionbuilder/browse.html#international%20law%20and%20relations"
"rehabilitation and therapy",1,"https://shawngraham.github.io/test-collectionbuilder/browse.html#rehabilitation%20and%20therapy"
"museology",1,"https://shawngraham.github.io/test-collectionbuilder/browse.html#museology"
"asia",1,"https://shawngraham.github.io/test-collectionbuilder/browse.html#asia"
"australia",1,"https://shawngraham.github.io/test-collectionbuilder/browse.html#australia"
"oceania",1,"https://shawngraham.github.io/test-collectionbuilder/browse.html#oceania"
"nodern history of science",1,"https://shawngraham.github.io/test-collectionbuilder/browse.html#nodern%20history%20of%20science"
"native american studies",1,"https://shawngraham.github.io/test-collectionbuilder/browse.html#native%20american%20studies"
"jewish studies",1,"https://shawngraham.github.io/test-collectionbuilder/browse.html#jewish%20studies"
"literature - latin american",1,"https://shawngraham.github.io/test-collectionbuilder/browse.html#literature%20-%20latin%20american"
"urban and regional planning",1,"https://shawngraham.github.io/test-collectionbuilder/browse.html#urban%20and%20regional%20planning"
"criminology and penology",1,"https://shawngraham.github.io/test-collectionbuilder/browse.html#criminology%20and%20penology"
"philosophy",1,"https://shawngraham.github.io/test-collectionbuilder/browse.html#philosophy"
"finance",1,"https://shawngraham.github.io/test-collectionbuilder/browse.html#finance"
"rhetoric",1,"https://shawngraham.github.io/test-collectionbuilder/browse.html#rhetoric"
"social sciences canadian",1,"https://shawngraham.github.io/test-collectionbuilder/browse.html#social%20sciences%20canadian"
"social sciences gender studies",1,"https://shawngraham.github.io/test-collectionbuilder/browse.html#social%20sciences%20gender%20studies"
"social sciences general",1,"https://shawngraham.github.io/test-collectionbuilder/browse.html#social%20sciences%20general"
"music - ontario",1,"https://shawngraham.github.io/test-collectionbuilder/browse.html#music%20-%20ontario"
"geography",1,"https://shawngraham.github.io/test-collectionbuilder/browse.html#geography"
"canadian studies",1,"https://shawngraham.github.io/test-collectionbuilder/browse.html#canadian%20studies"
"middle eastern history",1,"https://shawngraham.github.io/test-collectionbuilder/browse.html#middle%20eastern%20history"
"united kingdom",1,"https://shawngraham.github.io/test-collectionbuilder/browse.html#united%20kingdom"
"prisoners and prisons",1,"https://shawngraham.github.io/test-collectionbuilder/browse.html#prisoners%20and%20prisons"
"latin american",1,"https://shawngraham.github.io/test-collectionbuilder/browse.html#latin%20american"
"european",1,"https://shawngraham.github.io/test-collectionbuilder/browse.html#european"
"language, literature, and linguistics",1,"https://shawngraham.github.io/test-collectionbuilder/browse.html#language,%20literature,%20and%20linguistics"
"national war memorial",1,"https://shawngraham.github.io/test-collectionbuilder/browse.html#national%20war%20memorial"
"war memorials",1,"https://shawngraham.github.io/test-collectionbuilder/browse.html#war%20memorials"
"peru",1,"https://shawngraham.github.io/test-collectionbuilder/browse.html#peru"
"catholicisim",1,"https://shawngraham.github.io/test-collectionbuilder/browse.html#catholicisim"
"jews",1,"https://shawngraham.github.io/test-collectionbuilder/browse.html#jews"
"germanic literature",1,"https://shawngraham.github.io/test-collectionbuilder/browse.html#germanic%20literature"
"afghan war, 2001",1,"https://shawngraham.github.io/test-collectionbuilder/browse.html#afghan%20war,%202001"
"casualties",1,"https://shawngraham.github.io/test-collectionbuilder/browse.html#casualties"
"international law",1,"https://shawngraham.github.io/test-collectionbuilder/browse.html#international%20law"
"international relations",1,"https://shawngraham.github.io/test-collectionbuilder/browse.html#international%20relations"
"sociology",1,"https://shawngraham.github.io/test-collectionbuilder/browse.html#sociology"
"methodology",1,"https://shawngraham.github.io/test-collectionbuilder/browse.html#methodology"
"physiology",1,"https://shawngraham.github.io/test-collectionbuilder/browse.html#physiology"
"nudism",1,"https://shawngraham.github.io/test-collectionbuilder/browse.html#nudism"
"huguenots",1,"https://shawngraham.github.io/test-collectionbuilder/browse.html#huguenots"
"17th century",1,"https://shawngraham.github.io/test-collectionbuilder/browse.html#17th%20century"
"berlin wall, berlin, germany, 1961-1989",1,"https://shawngraham.github.io/test-collectionbuilder/browse.html#berlin%20wall,%20berlin,%20germany,%201961-1989"
"biography",1,"https://shawngraham.github.io/test-collectionbuilder/browse.html#biography"
"europe",1,"https://shawngraham.github.io/test-collectionbuilder/browse.html#europe"
"english literature",1,"https://shawngraham.github.io/test-collectionbuilder/browse.html#english%20literature"
"economics",1,"https://shawngraham.github.io/test-collectionbuilder/browse.html#economics"
"canadians",1,"https://shawngraham.github.io/test-collectionbuilder/browse.html#canadians"
"communication",1,"https://shawngraham.github.io/test-collectionbuilder/browse.html#communication"
"depressions",1,"https://shawngraham.github.io/test-collectionbuilder/browse.html#depressions"
"1929",1,"https://shawngraham.github.io/test-collectionbuilder/browse.html#1929"
"medieval ages",1,"https://shawngraham.github.io/test-collectionbuilder/browse.html#medieval%20ages"
"spiritual life",1,"https://shawngraham.github.io/test-collectionbuilder/browse.html#spiritual%20life"
"community development",1,"https://shawngraham.github.io/test-collectionbuilder/browse.html#community%20development"
"human growth",1,"https://shawngraham.github.io/test-collectionbuilder/browse.html#human%20growth"
"soundscapes (music)",1,"https://shawngraham.github.io/test-collectionbuilder/browse.html#soundscapes%20(music)"
"music and historty",1,"https://shawngraham.github.io/test-collectionbuilder/browse.html#music%20and%20historty"
"music, influence of",1,"https://shawngraham.github.io/test-collectionbuilder/browse.html#music,%20influence%20of"
"musical analysis",1,"https://shawngraham.github.io/test-collectionbuilder/browse.html#musical%20analysis"
"vietnam war, 1961-1975",1,"https://shawngraham.github.io/test-collectionbuilder/browse.html#vietnam%20war,%201961-1975"
"draft resisters",1,"https://shawngraham.github.io/test-collectionbuilder/browse.html#draft%20resisters"
"civil defense readiness",1,"https://shawngraham.github.io/test-collectionbuilder/browse.html#civil%20defense%20readiness"
"atomic bomb",1,"https://shawngraham.github.io/test-collectionbuilder/browse.html#atomic%20bomb"
"safety measures",1,"https://shawngraham.github.io/test-collectionbuilder/browse.html#safety%20measures"
"nuclear warfare and history",1,"https://shawngraham.github.io/test-collectionbuilder/browse.html#nuclear%20warfare%20and%20history"
"carolingians",1,"https://shawngraham.github.io/test-collectionbuilder/browse.html#carolingians"
"monasteries",1,"https://shawngraham.github.io/test-collectionbuilder/browse.html#monasteries"
"frank, anne, 1929-1945",1,"https://shawngraham.github.io/test-collectionbuilder/browse.html#frank,%20anne,%201929-1945"
"museums",1,"https://shawngraham.github.io/test-collectionbuilder/browse.html#museums"
"netherlands",1,"https://shawngraham.github.io/test-collectionbuilder/browse.html#netherlands"
"spaniards",1,"https://shawngraham.github.io/test-collectionbuilder/browse.html#spaniards"
"marriage",1,"https://shawngraham.github.io/test-collectionbuilder/browse.html#marriage"
"kinship",1,"https://shawngraham.github.io/test-collectionbuilder/browse.html#kinship"
"18th century",1,"https://shawngraham.github.io/test-collectionbuilder/browse.html#18th%20century"
"social classes",1,"https://shawngraham.github.io/test-collectionbuilder/browse.html#social%20classes"
"ellite (social sciences)",1,"https://shawngraham.github.io/test-collectionbuilder/browse.html#ellite%20(social%20sciences)"
"poor",1,"https://shawngraham.github.io/test-collectionbuilder/browse.html#poor"
"homeless persons",1,"https://shawngraham.github.io/test-collectionbuilder/browse.html#homeless%20persons"
"public welfare",1,"https://shawngraham.github.io/test-collectionbuilder/browse.html#public%20welfare"
"social problems",1,"https://shawngraham.github.io/test-collectionbuilder/browse.html#social%20problems"
"religion and culture",1,"https://shawngraham.github.io/test-collectionbuilder/browse.html#religion%20and%20culture"
"christianity and culture",1,"https://shawngraham.github.io/test-collectionbuilder/browse.html#christianity%20and%20culture"
"education (higher)",1,"https://shawngraham.github.io/test-collectionbuilder/browse.html#education%20(higher)"
"southern states",1,"https://shawngraham.github.io/test-collectionbuilder/browse.html#southern%20states"
"socialization",1,"https://shawngraham.github.io/test-collectionbuilder/browse.html#socialization"
"race awareness",1,"https://shawngraham.github.io/test-collectionbuilder/browse.html#race%20awareness"
"georgia",1,"https://shawngraham.github.io/test-collectionbuilder/browse.html#georgia"
"atlanta",1,"https://shawngraham.github.io/test-collectionbuilder/browse.html#atlanta"
"tennessee",1,"https://shawngraham.github.io/test-collectionbuilder/browse.html#tennessee"
"nashville",1,"https://shawngraham.github.io/test-collectionbuilder/browse.html#nashville"
"protectionism",1,"https://shawngraham.github.io/test-collectionbuilder/browse.html#protectionism"
"sudbury region",1,"https://shawngraham.github.io/test-collectionbuilder/browse.html#sudbury%20region"
"ukrinians",1,"https://shawngraham.github.io/test-collectionbuilder/browse.html#ukrinians"
"moral and ethical aspects",1,"https://shawngraham.github.io/test-collectionbuilder/browse.html#moral%20and%20ethical%20aspects"
"child welfare",1,"https://shawngraham.github.io/test-collectionbuilder/browse.html#child%20welfare"
"children's rights",1,"https://shawngraham.github.io/test-collectionbuilder/browse.html#children's%20rights"
"children",1,"https://shawngraham.github.io/test-collectionbuilder/browse.html#children"
"non-governmental organizations",1,"https://shawngraham.github.io/test-collectionbuilder/browse.html#non-governmental%20organizations"
"federal-provincial relations",1,"https://shawngraham.github.io/test-collectionbuilder/browse.html#federal-provincial%20relations"
"political participation",1,"https://shawngraham.github.io/test-collectionbuilder/browse.html#political%20participation"
"quebec (province)liberalism",1,"https://shawngraham.github.io/test-collectionbuilder/browse.html#quebec%20(province)liberalism"
"business enterprises",1,"https://shawngraham.github.io/test-collectionbuilder/browse.html#business%20enterprises"
"industrial policy",1,"https://shawngraham.github.io/test-collectionbuilder/browse.html#industrial%20policy"
"international business enterprises",1,"https://shawngraham.github.io/test-collectionbuilder/browse.html#international%20business%20enterprises"
"child rearing",1,"https://shawngraham.github.io/test-collectionbuilder/browse.html#child%20rearing"
"motherhood",1,"https://shawngraham.github.io/test-collectionbuilder/browse.html#motherhood"
"mother and child",1,"https://shawngraham.github.io/test-collectionbuilder/browse.html#mother%20and%20child"
"physician and patient",1,"https://shawngraham.github.io/test-collectionbuilder/browse.html#physician%20and%20patient"
"maternal and infant welfare",1,"https://shawngraham.github.io/test-collectionbuilder/browse.html#maternal%20and%20infant%20welfare"
"military dependents",1,"https://shawngraham.github.io/test-collectionbuilder/browse.html#military%20dependents"
"soldiers",1,"https://shawngraham.github.io/test-collectionbuilder/browse.html#soldiers"
"veterans",1,"https://shawngraham.github.io/test-collectionbuilder/browse.html#veterans"
"survivors' benefits",1,"https://shawngraham.github.io/test-collectionbuilder/browse.html#survivors'%20benefits"
"economic history",1,"https://shawngraham.github.io/test-collectionbuilder/browse.html#economic%20history"
"liberalism",1,"https://shawngraham.github.io/test-collectionbuilder/browse.html#liberalism"
"germany (east)immigrants",1,"https://shawngraham.github.io/test-collectionbuilder/browse.html#germany%20(east)immigrants"
"new york world's fair, 1939-1940",1,"https://shawngraham.github.io/test-collectionbuilder/browse.html#new%20york%20world's%20fair,%201939-1940"
"trade shows",1,"https://shawngraham.github.io/test-collectionbuilder/browse.html#trade%20shows"
"new york (state)",1,"https://shawngraham.github.io/test-collectionbuilder/browse.html#new%20york%20(state)"
"new york",1,"https://shawngraham.github.io/test-collectionbuilder/browse.html#new%20york"
"civilization, modern",1,"https://shawngraham.github.io/test-collectionbuilder/browse.html#civilization,%20modern"
"french influences",1,"https://shawngraham.github.io/test-collectionbuilder/browse.html#french%20influences"
"television in politics",1,"https://shawngraham.github.io/test-collectionbuilder/browse.html#television%20in%20politics"
"television broadcasting of news",1,"https://shawngraham.github.io/test-collectionbuilder/browse.html#television%20broadcasting%20of%20news"
"mass media",1,"https://shawngraham.github.io/test-collectionbuilder/browse.html#mass%20media"
"lancashire",1,"https://shawngraham.github.io/test-collectionbuilder/browse.html#lancashire"
"women in the catholic church",1,"https://shawngraham.github.io/test-collectionbuilder/browse.html#women%20in%20the%20catholic%20church"
"christian women",1,"https://shawngraham.github.io/test-collectionbuilder/browse.html#christian%20women"
"religeous life",1,"https://shawngraham.github.io/test-collectionbuilder/browse.html#religeous%20life"
"quebec (province)electric utilities",1,"https://shawngraham.github.io/test-collectionbuilder/browse.html#quebec%20(province)electric%20utilities"
"land use",1,"https://shawngraham.github.io/test-collectionbuilder/browse.html#land%20use"
"quebec (province)economic development",1,"https://shawngraham.github.io/test-collectionbuilder/browse.html#quebec%20(province)economic%20development"
"human ecology",1,"https://shawngraham.github.io/test-collectionbuilder/browse.html#human%20ecology"
"welfare state",1,"https://shawngraham.github.io/test-collectionbuilder/browse.html#welfare%20state"
"keynesian economics",1,"https://shawngraham.github.io/test-collectionbuilder/browse.html#keynesian%20economics"
"danes",1,"https://shawngraham.github.io/test-collectionbuilder/browse.html#danes"
"south asia",1,"https://shawngraham.github.io/test-collectionbuilder/browse.html#south%20asia"
"weapons industry",1,"https://shawngraham.github.io/test-collectionbuilder/browse.html#weapons%20industry"
"english newspapers",1,"https://shawngraham.github.io/test-collectionbuilder/browse.html#english%20newspapers"
"mass media and history",1,"https://shawngraham.github.io/test-collectionbuilder/browse.html#mass%20media%20and%20history"
"gatineau",1,"https://shawngraham.github.io/test-collectionbuilder/browse.html#gatineau"
"defense contracts",1,"https://shawngraham.github.io/test-collectionbuilder/browse.html#defense%20contracts"
"public contracts",1,"https://shawngraham.github.io/test-collectionbuilder/browse.html#public%20contracts"
"gender identity",1,"https://shawngraham.github.io/test-collectionbuilder/browse.html#gender%20identity"
"sex role",1,"https://shawngraham.github.io/test-collectionbuilder/browse.html#sex%20role"
"sex role in mass media",1,"https://shawngraham.github.io/test-collectionbuilder/browse.html#sex%20role%20in%20mass%20media"
"organization",1,"https://shawngraham.github.io/test-collectionbuilder/browse.html#organization"
"oral histories",1,"https://shawngraham.github.io/test-collectionbuilder/browse.html#oral%20histories"
"industrial development",1,"https://shawngraham.github.io/test-collectionbuilder/browse.html#industrial%20development"
"rubber",1,"https://shawngraham.github.io/test-collectionbuilder/browse.html#rubber"
"world war 1939-1945",1,"https://shawngraham.github.io/test-collectionbuilder/browse.html#world%20war%201939-1945"
"weights and measures",1,"https://shawngraham.github.io/test-collectionbuilder/browse.html#weights%20and%20measures"
"historygreat britain",1,"https://shawngraham.github.io/test-collectionbuilder/browse.html#historygreat%20britain"
"politics and government 18th century",1,"https://shawngraham.github.io/test-collectionbuilder/browse.html#politics%20and%20government%2018th%20century"
"yarmouth (n",1,"https://shawngraham.github.io/test-collectionbuilder/browse.html#yarmouth%20(n"
"s",1,"https://shawngraham.github.io/test-collectionbuilder/browse.html#s"
"historymunicipal government",1,"https://shawngraham.github.io/test-collectionbuilder/browse.html#historymunicipal%20government"
"citizen participationcommunity power",1,"https://shawngraham.github.io/test-collectionbuilder/browse.html#citizen%20participationcommunity%20power"
"historytourism",1,"https://shawngraham.github.io/test-collectionbuilder/browse.html#historytourism"
"historyautomobile industry workers",1,"https://shawngraham.github.io/test-collectionbuilder/browse.html#historyautomobile%20industry%20workers"
"labor unions",1,"https://shawngraham.github.io/test-collectionbuilder/browse.html#labor%20unions"
"historyautomobile industry and trade",1,"https://shawngraham.github.io/test-collectionbuilder/browse.html#historyautomobile%20industry%20and%20trade"
"management",1,"https://shawngraham.github.io/test-collectionbuilder/browse.html#management"
"aeronautics, military",1,"https://shawngraham.github.io/test-collectionbuilder/browse.html#aeronautics,%20military"
"historybritish commonwealth air training plan",1,"https://shawngraham.github.io/test-collectionbuilder/browse.html#historybritish%20commonwealth%20air%20training%20plan"
"herridge, william duncan, 1888-canada",1,"https://shawngraham.github.io/test-collectionbuilder/browse.html#herridge,%20william%20duncan,%201888-canada"
"historyunited states",1,"https://shawngraham.github.io/test-collectionbuilder/browse.html#historyunited%20states"
"historysaint lawrence seawaycanada",1,"https://shawngraham.github.io/test-collectionbuilder/browse.html#historysaint%20lawrence%20seawaycanada"
"artisans",1,"https://shawngraham.github.io/test-collectionbuilder/browse.html#artisans"
"history 18th centuryprotest movements",1,"https://shawngraham.github.io/test-collectionbuilder/browse.html#history%2018th%20centuryprotest%20movements"
"history 18th centurysocial classes",1,"https://shawngraham.github.io/test-collectionbuilder/browse.html#history%2018th%20centurysocial%20classes"
"history 18th centuryconti, louise-elizabeth de bourbon conde, princesse deconti, louis francois de bourbon, prince de, 1717-1776guilds",1,"https://shawngraham.github.io/test-collectionbuilder/browse.html#history%2018th%20centuryconti,%20louise-elizabeth%20de%20bourbon%20conde,%20princesse%20deconti,%20louis%20francois%20de%20bourbon,%20prince%20de,%201717-1776guilds"
"historyaix-en-provence (france)",1,"https://shawngraham.github.io/test-collectionbuilder/browse.html#historyaix-en-provence%20(france)"
"hockey",1,"https://shawngraham.github.io/test-collectionbuilder/browse.html#hockey"
"national hockey league",1,"https://shawngraham.github.io/test-collectionbuilder/browse.html#national%20hockey%20league"
"sports",1,"https://shawngraham.github.io/test-collectionbuilder/browse.html#sports"
"canadaworld war, 1939-1945",1,"https://shawngraham.github.io/test-collectionbuilder/browse.html#canadaworld%20war,%201939-1945"
"recruiting, enlistment, etc",1,"https://shawngraham.github.io/test-collectionbuilder/browse.html#recruiting,%20enlistment,%20etc"
"nationalism and sports",1,"https://shawngraham.github.io/test-collectionbuilder/browse.html#nationalism%20and%20sports"
"horner, ralph c",1,"https://shawngraham.github.io/test-collectionbuilder/browse.html#horner,%20ralph%20c"
"(ralph cecil), 1854-1921",1,"https://shawngraham.github.io/test-collectionbuilder/browse.html#(ralph%20cecil),%201854-1921"
"holiness",1,"https://shawngraham.github.io/test-collectionbuilder/browse.html#holiness"
"methodist church",1,"https://shawngraham.github.io/test-collectionbuilder/browse.html#methodist%20church"
"battalion, highland light infantry of canada, 1st",1,"https://shawngraham.github.io/test-collectionbuilder/browse.html#battalion,%20highland%20light%20infantry%20of%20canada,%201st"
"normandy",1,"https://shawngraham.github.io/test-collectionbuilder/browse.html#normandy"
"bennett, r",1,"https://shawngraham.github.io/test-collectionbuilder/browse.html#bennett,%20r"
"b",1,"https://shawngraham.github.io/test-collectionbuilder/browse.html#b"
"(richard bedford), 1870-1947canada",1,"https://shawngraham.github.io/test-collectionbuilder/browse.html#(richard%20bedford),%201870-1947canada"
"bank of canada",1,"https://shawngraham.github.io/test-collectionbuilder/browse.html#bank%20of%20canada"
"dougall, lily, 1858-1923",1,"https://shawngraham.github.io/test-collectionbuilder/browse.html#dougall,%20lily,%201858-1923"
"criticism and interpretation",1,"https://shawngraham.github.io/test-collectionbuilder/browse.html#criticism%20and%20interpretation"
"liberalism (religion)",1,"https://shawngraham.github.io/test-collectionbuilder/browse.html#liberalism%20(religion)"
"feminist theology",1,"https://shawngraham.github.io/test-collectionbuilder/browse.html#feminist%20theology"
"trench warfare",1,"https://shawngraham.github.io/test-collectionbuilder/browse.html#trench%20warfare"
"canada, northern",1,"https://shawngraham.github.io/test-collectionbuilder/browse.html#canada,%20northern"
"transportation, military",1,"https://shawngraham.github.io/test-collectionbuilder/browse.html#transportation,%20military"
"arctic regions",1,"https://shawngraham.github.io/test-collectionbuilder/browse.html#arctic%20regions"
"politics and government 1935-1948",1,"https://shawngraham.github.io/test-collectionbuilder/browse.html#politics%20and%20government%201935-1948"
"weavers",1,"https://shawngraham.github.io/test-collectionbuilder/browse.html#weavers"
"women textile workers",1,"https://shawngraham.github.io/test-collectionbuilder/browse.html#women%20textile%20workers"
"textile industry",1,"https://shawngraham.github.io/test-collectionbuilder/browse.html#textile%20industry"
"north american air defense command",1,"https://shawngraham.github.io/test-collectionbuilder/browse.html#north%20american%20air%20defense%20command"
"politics and government 1957-1963",1,"https://shawngraham.github.io/test-collectionbuilder/browse.html#politics%20and%20government%201957-1963"
"rerum gestarum libri",1,"https://shawngraham.github.io/test-collectionbuilder/browse.html#rerum%20gestarum%20libri"
"political and social views",1,"https://shawngraham.github.io/test-collectionbuilder/browse.html#political%20and%20social%20views"
"history julian, 361-363gaul",1,"https://shawngraham.github.io/test-collectionbuilder/browse.html#history%20julian,%20361-363gaul"
"history 58 b",1,"https://shawngraham.github.io/test-collectionbuilder/browse.html#history%2058%20b"
"c",1,"https://shawngraham.github.io/test-collectionbuilder/browse.html#c"
"-511 a",1,"https://shawngraham.github.io/test-collectionbuilder/browse.html#-511%20a"
"d",1,"https://shawngraham.github.io/test-collectionbuilder/browse.html#d"
"history empire, 284-476",1,"https://shawngraham.github.io/test-collectionbuilder/browse.html#history%20empire,%20284-476"
"national council of jewish women",1,"https://shawngraham.github.io/test-collectionbuilder/browse.html#national%20council%20of%20jewish%20women"
"jewish women",1,"https://shawngraham.github.io/test-collectionbuilder/browse.html#jewish%20women"
"canadian red cross society",1,"https://shawngraham.github.io/test-collectionbuilder/browse.html#canadian%20red%20cross%20society"
"st",1,"https://shawngraham.github.io/test-collectionbuilder/browse.html#st"
"john ambulance association",1,"https://shawngraham.github.io/test-collectionbuilder/browse.html#john%20ambulance%20association"
"canadian branch",1,"https://shawngraham.github.io/test-collectionbuilder/browse.html#canadian%20branch"
"civil defense",1,"https://shawngraham.github.io/test-collectionbuilder/browse.html#civil%20defense"
"cambodia",1,"https://shawngraham.github.io/test-collectionbuilder/browse.html#cambodia"
"history 1953-1975international commission for supervision and control in cambodia",1,"https://shawngraham.github.io/test-collectionbuilder/browse.html#history%201953-1975international%20commission%20for%20supervision%20and%20control%20in%20cambodia"
"tranquilizing drugs",1,"https://shawngraham.github.io/test-collectionbuilder/browse.html#tranquilizing%20drugs"
"drug utilization",1,"https://shawngraham.github.io/test-collectionbuilder/browse.html#drug%20utilization"
"mental health",1,"https://shawngraham.github.io/test-collectionbuilder/browse.html#mental%20health"
"mcnaughton, violet, 1879-1968",1,"https://shawngraham.github.io/test-collectionbuilder/browse.html#mcnaughton,%20violet,%201879-1968"
"feminism",1,"https://shawngraham.github.io/test-collectionbuilder/browse.html#feminism"
"women in agriculture",1,"https://shawngraham.github.io/test-collectionbuilder/browse.html#women%20in%20agriculture"
"rural women",1,"https://shawngraham.github.io/test-collectionbuilder/browse.html#rural%20women"
"protestant churches",1,"https://shawngraham.github.io/test-collectionbuilder/browse.html#protestant%20churches"
"protestantism 20th century",1,"https://shawngraham.github.io/test-collectionbuilder/browse.html#protestantism%2020th%20century"
"theology, doctrinal 20th century",1,"https://shawngraham.github.io/test-collectionbuilder/browse.html#theology,%20doctrinal%2020th%20century"
"geggie, harold j",1,"https://shawngraham.github.io/test-collectionbuilder/browse.html#geggie,%20harold%20j"
"g",1,"https://shawngraham.github.io/test-collectionbuilder/browse.html#g"
"medicine, rural",1,"https://shawngraham.github.io/test-collectionbuilder/browse.html#medicine,%20rural"
"practice",1,"https://shawngraham.github.io/test-collectionbuilder/browse.html#practice"
"gatineau river valley",1,"https://shawngraham.github.io/test-collectionbuilder/browse.html#gatineau%20river%20valley"
"childbirth at home",1,"https://shawngraham.github.io/test-collectionbuilder/browse.html#childbirth%20at%20home"
"wakefield",1,"https://shawngraham.github.io/test-collectionbuilder/browse.html#wakefield"
"obstetrics",1,"https://shawngraham.github.io/test-collectionbuilder/browse.html#obstetrics"
"labor service",1,"https://shawngraham.github.io/test-collectionbuilder/browse.html#labor%20service"
"national service",1,"https://shawngraham.github.io/test-collectionbuilder/browse.html#national%20service"
"national socialism",1,"https://shawngraham.github.io/test-collectionbuilder/browse.html#national%20socialism"
"young volunteers in community development",1,"https://shawngraham.github.io/test-collectionbuilder/browse.html#young%20volunteers%20in%20community%20development"
"youth",1,"https://shawngraham.github.io/test-collectionbuilder/browse.html#youth"
"alpine club of canada",1,"https://shawngraham.github.io/test-collectionbuilder/browse.html#alpine%20club%20of%20canada"
"national parks and reserves",1,"https://shawngraham.github.io/test-collectionbuilder/browse.html#national%20parks%20and%20reserves"
"aviation",1,"https://shawngraham.github.io/test-collectionbuilder/browse.html#aviation"
"military helicopters",1,"https://shawngraham.github.io/test-collectionbuilder/browse.html#military%20helicopters"
"destroyer escorts",1,"https://shawngraham.github.io/test-collectionbuilder/browse.html#destroyer%20escorts"
"sicily",1,"https://shawngraham.github.io/test-collectionbuilder/browse.html#sicily"
"sartor resartus",1,"https://shawngraham.github.io/test-collectionbuilder/browse.html#sartor%20resartus"
"past and present",1,"https://shawngraham.github.io/test-collectionbuilder/browse.html#past%20and%20present"
"work",1,"https://shawngraham.github.io/test-collectionbuilder/browse.html#work"
"calvinism",1,"https://shawngraham.github.io/test-collectionbuilder/browse.html#calvinism"
"transcendentalism",1,"https://shawngraham.github.io/test-collectionbuilder/browse.html#transcendentalism"
"kashmir (india)",1,"https://shawngraham.github.io/test-collectionbuilder/browse.html#kashmir%20(india)"
"world politics 1945-",1,"https://shawngraham.github.io/test-collectionbuilder/browse.html#world%20politics%201945-"
"congo (democratic republic)congo (democratic republic)",1,"https://shawngraham.github.io/test-collectionbuilder/browse.html#congo%20(democratic%20republic)congo%20(democratic%20republic)"
"history civil war, 1960-1965united nations",1,"https://shawngraham.github.io/test-collectionbuilder/browse.html#history%20civil%20war,%201960-1965united%20nations"
"congo (democratic republic)",1,"https://shawngraham.github.io/test-collectionbuilder/browse.html#congo%20(democratic%20republic)"
"lenin, vladimir il'ich, 1870-1924heads of state",1,"https://shawngraham.github.io/test-collectionbuilder/browse.html#lenin,%20vladimir%20il'ich,%201870-1924heads%20of%20state"
"cults",1,"https://shawngraham.github.io/test-collectionbuilder/browse.html#cults"
"politics and government 1917-1936",1,"https://shawngraham.github.io/test-collectionbuilder/browse.html#politics%20and%20government%201917-1936"
"history coup d'etat, 1948",1,"https://shawngraham.github.io/test-collectionbuilder/browse.html#history%20coup%20d'etat,%201948"
"world politics 1945-propaganda, communist",1,"https://shawngraham.github.io/test-collectionbuilder/browse.html#world%20politics%201945-propaganda,%20communist"
"bell, george kennedy allen, bp",1,"https://shawngraham.github.io/test-collectionbuilder/browse.html#bell,%20george%20kennedy%20allen,%20bp"
"of chichester, 1883-1958",1,"https://shawngraham.github.io/test-collectionbuilder/browse.html#of%20chichester,%201883-1958"
"refugees, jewish",1,"https://shawngraham.github.io/test-collectionbuilder/browse.html#refugees,%20jewish"
"kristallnacht, 1938",1,"https://shawngraham.github.io/test-collectionbuilder/browse.html#kristallnacht,%201938"
"natural history",1,"https://shawngraham.github.io/test-collectionbuilder/browse.html#natural%20history"
"children of immigrants",1,"https://shawngraham.github.io/test-collectionbuilder/browse.html#children%20of%20immigrants"
"minorities",1,"https://shawngraham.github.io/test-collectionbuilder/browse.html#minorities"
"cultural pluralism",1,"https://shawngraham.github.io/test-collectionbuilder/browse.html#cultural%20pluralism"
"law and legislation",1,"https://shawngraham.github.io/test-collectionbuilder/browse.html#law%20and%20legislation"
"university of toronto",1,"https://shawngraham.github.io/test-collectionbuilder/browse.html#university%20of%20toronto"
"attitudes",1,"https://shawngraham.github.io/test-collectionbuilder/browse.html#attitudes"
"social service",1,"https://shawngraham.github.io/test-collectionbuilder/browse.html#social%20service"
"victorian order of nurses for canada",1,"https://shawngraham.github.io/test-collectionbuilder/browse.html#victorian%20order%20of%20nurses%20for%20canada"
"national council of women of canada",1,"https://shawngraham.github.io/test-collectionbuilder/browse.html#national%20council%20of%20women%20of%20canada"
"navigation",1,"https://shawngraham.github.io/test-collectionbuilder/browse.html#navigation"
"politics and government 1948-1957canals",1,"https://shawngraham.github.io/test-collectionbuilder/browse.html#politics%20and%20government%201948-1957canals"
"canals",1,"https://shawngraham.github.io/test-collectionbuilder/browse.html#canals"
"klondike river valley (yukon)",1,"https://shawngraham.github.io/test-collectionbuilder/browse.html#klondike%20river%20valley%20(yukon)"
"gold discoveries",1,"https://shawngraham.github.io/test-collectionbuilder/browse.html#gold%20discoveries"
"frontier and pioneer life",1,"https://shawngraham.github.io/test-collectionbuilder/browse.html#frontier%20and%20pioneer%20life"
"klondike river valley",1,"https://shawngraham.github.io/test-collectionbuilder/browse.html#klondike%20river%20valley"
"metal trade",1,"https://shawngraham.github.io/test-collectionbuilder/browse.html#metal%20trade"
"mineral industries",1,"https://shawngraham.github.io/test-collectionbuilder/browse.html#mineral%20industries"
"investments, american",1,"https://shawngraham.github.io/test-collectionbuilder/browse.html#investments,%20american"
"simonds, guy granville, 1903-1974generals",1,"https://shawngraham.github.io/test-collectionbuilder/browse.html#simonds,%20guy%20granville,%201903-1974generals"
"scheldt river estuary, battle of, 1944canada",1,"https://shawngraham.github.io/test-collectionbuilder/browse.html#scheldt%20river%20estuary,%20battle%20of,%201944canada"
"vagrancy",1,"https://shawngraham.github.io/test-collectionbuilder/browse.html#vagrancy"
"history medieval period, 1066-1485poor",1,"https://shawngraham.github.io/test-collectionbuilder/browse.html#history%20medieval%20period,%201066-1485poor"
"bloomfield (ont",1,"https://shawngraham.github.io/test-collectionbuilder/browse.html#bloomfield%20(ont"
"quakers",1,"https://shawngraham.github.io/test-collectionbuilder/browse.html#quakers"
"prince edward (ont",1,"https://shawngraham.github.io/test-collectionbuilder/browse.html#prince%20edward%20(ont"
"dutches county (n",1,"https://shawngraham.github.io/test-collectionbuilder/browse.html#dutches%20county%20(n"
"y",1,"https://shawngraham.github.io/test-collectionbuilder/browse.html#y"
"society of friends",1,"https://shawngraham.github.io/test-collectionbuilder/browse.html#society%20of%20friends"
"united empire loyalists",1,"https://shawngraham.github.io/test-collectionbuilder/browse.html#united%20empire%20loyalists"
"busy east",1,"https://shawngraham.github.io/test-collectionbuilder/browse.html#busy%20east"
"canadian federation of university women",1,"https://shawngraham.github.io/test-collectionbuilder/browse.html#canadian%20federation%20of%20university%20women"
"women college graduates",1,"https://shawngraham.github.io/test-collectionbuilder/browse.html#women%20college%20graduates"
"wills",1,"https://shawngraham.github.io/test-collectionbuilder/browse.html#wills"
"married women",1,"https://shawngraham.github.io/test-collectionbuilder/browse.html#married%20women"
"marital property",1,"https://shawngraham.github.io/test-collectionbuilder/browse.html#marital%20property"
"social life and customs 1066-1485",1,"https://shawngraham.github.io/test-collectionbuilder/browse.html#social%20life%20and%20customs%201066-1485"
"canadian armed forces",1,"https://shawngraham.github.io/test-collectionbuilder/browse.html#canadian%20armed%20forces"
"1699-1848",1,"https://shawngraham.github.io/test-collectionbuilder/browse.html#1699-1848"
"officers",1,"https://shawngraham.github.io/test-collectionbuilder/browse.html#officers"
"personnel management",1,"https://shawngraham.github.io/test-collectionbuilder/browse.html#personnel%20management"
"intergroup relations",1,"https://shawngraham.github.io/test-collectionbuilder/browse.html#intergroup%20relations"
"canadian expeditionary force",1,"https://shawngraham.github.io/test-collectionbuilder/browse.html#canadian%20expeditionary%20force"
"good, william charles, 1876-1967agriculture,cooperative",1,"https://shawngraham.github.io/test-collectionbuilder/browse.html#good,%20william%20charles,%201876-1967agriculture,cooperative"
"co-operative commonwealth federation",1,"https://shawngraham.github.io/test-collectionbuilder/browse.html#co-operative%20commonwealth%20federation"
"siberia (russia)",1,"https://shawngraham.github.io/test-collectionbuilder/browse.html#siberia%20(russia)"
"russia, northern",1,"https://shawngraham.github.io/test-collectionbuilder/browse.html#russia,%20northern"
"ottawa literary and scientific society",1,"https://shawngraham.github.io/test-collectionbuilder/browse.html#ottawa%20literary%20and%20scientific%20society"
"social life and customs",1,"https://shawngraham.github.io/test-collectionbuilder/browse.html#social%20life%20and%20customs"
"ontario woman's christian temperance union",1,"https://shawngraham.github.io/test-collectionbuilder/browse.html#ontario%20woman's%20christian%20temperance%20union"
"temperance",1,"https://shawngraham.github.io/test-collectionbuilder/browse.html#temperance"
"societies, etc",1,"https://shawngraham.github.io/test-collectionbuilder/browse.html#societies,%20etc"
"electric household appliances industry",1,"https://shawngraham.github.io/test-collectionbuilder/browse.html#electric%20household%20appliances%20industry"
"technology",1,"https://shawngraham.github.io/test-collectionbuilder/browse.html#technology"
"york factory (man",1,"https://shawngraham.github.io/test-collectionbuilder/browse.html#york%20factory%20(man"
"churchill (man",1,"https://shawngraham.github.io/test-collectionbuilder/browse.html#churchill%20(man"
"hudson's bay company",1,"https://shawngraham.github.io/test-collectionbuilder/browse.html#hudson's%20bay%20company"
"fur trade",1,"https://shawngraham.github.io/test-collectionbuilder/browse.html#fur%20trade"
"irish canadians",1,"https://shawngraham.github.io/test-collectionbuilder/browse.html#irish%20canadians"
"cultural assimilation",1,"https://shawngraham.github.io/test-collectionbuilder/browse.html#cultural%20assimilation"
"irish",1,"https://shawngraham.github.io/test-collectionbuilder/browse.html#irish"
"irish question",1,"https://shawngraham.github.io/test-collectionbuilder/browse.html#irish%20question"
"canada india reactor project",1,"https://shawngraham.github.io/test-collectionbuilder/browse.html#canada%20india%20reactor%20project"
"technical assistance, canadian",1,"https://shawngraham.github.io/test-collectionbuilder/browse.html#technical%20assistance,%20canadian"
"internationalism",1,"https://shawngraham.github.io/test-collectionbuilder/browse.html#internationalism"
"women's international league for peace and freedom",1,"https://shawngraham.github.io/test-collectionbuilder/browse.html#women's%20international%20league%20for%20peace%20and%20freedom"
"women and peace",1,"https://shawngraham.github.io/test-collectionbuilder/browse.html#women%20and%20peace"
"peace movements",1,"https://shawngraham.github.io/test-collectionbuilder/browse.html#peace%20movements"
"mcarthur, dan (daniel c",1,"https://shawngraham.github.io/test-collectionbuilder/browse.html#mcarthur,%20dan%20(daniel%20c"
"radio journalism",1,"https://shawngraham.github.io/test-collectionbuilder/browse.html#radio%20journalism"
"destroyers (warships)",1,"https://shawngraham.github.io/test-collectionbuilder/browse.html#destroyers%20(warships)"
"history world war, 1939-1945world war, 1939-1945",1,"https://shawngraham.github.io/test-collectionbuilder/browse.html#history%20world%20war,%201939-1945world%20war,%201939-1945"
"naval operations, canadian",1,"https://shawngraham.github.io/test-collectionbuilder/browse.html#naval%20operations,%20canadian"
"women's rights",1,"https://shawngraham.github.io/test-collectionbuilder/browse.html#women's%20rights"
"historic sites",1,"https://shawngraham.github.io/test-collectionbuilder/browse.html#historic%20sites"
"history to 1957great britain",1,"https://shawngraham.github.io/test-collectionbuilder/browse.html#history%20to%201957great%20britain"
"foreign relations 1800-1837",1,"https://shawngraham.github.io/test-collectionbuilder/browse.html#foreign%20relations%201800-1837"
"reparations",1,"https://shawngraham.github.io/test-collectionbuilder/browse.html#reparations"
"yalta conference (1945)potsdam conference (1945)",1,"https://shawngraham.github.io/test-collectionbuilder/browse.html#yalta%20conference%20(1945)potsdam%20conference%20(1945)"
"privateering",1,"https://shawngraham.github.io/test-collectionbuilder/browse.html#privateering"
"history, naval 19th century",1,"https://shawngraham.github.io/test-collectionbuilder/browse.html#history,%20naval%2019th%20century"
"history war of 1812",1,"https://shawngraham.github.io/test-collectionbuilder/browse.html#history%20war%20of%201812"
"laurier, wilfrid, sir, 1841-1919federal government",1,"https://shawngraham.github.io/test-collectionbuilder/browse.html#laurier,%20wilfrid,%20sir,%201841-1919federal%20government"
"british north america act",1,"https://shawngraham.github.io/test-collectionbuilder/browse.html#british%20north%20america%20act"
"history 1841-1867",1,"https://shawngraham.github.io/test-collectionbuilder/browse.html#history%201841-1867"
"history reign of terror, 1793-1794france",1,"https://shawngraham.github.io/test-collectionbuilder/browse.html#history%20reign%20of%20terror,%201793-1794france"
"history, naval",1,"https://shawngraham.github.io/test-collectionbuilder/browse.html#history,%20naval"
"toulon (france)",1,"https://shawngraham.github.io/test-collectionbuilder/browse.html#toulon%20(france)"
"niebuhr, reinhold, 1892-1971neo-orthodoxy",1,"https://shawngraham.github.io/test-collectionbuilder/browse.html#niebuhr,%20reinhold,%201892-1971neo-orthodoxy"
"british forces",1,"https://shawngraham.github.io/test-collectionbuilder/browse.html#british%20forces"
"wars, 1775-1783",1,"https://shawngraham.github.io/test-collectionbuilder/browse.html#wars,%201775-1783"
"protestants",1,"https://shawngraham.github.io/test-collectionbuilder/browse.html#protestants"
"ireland",1,"https://shawngraham.github.io/test-collectionbuilder/browse.html#ireland"
"tipperary (county)irish",1,"https://shawngraham.github.io/test-collectionbuilder/browse.html#tipperary%20(county)irish"
"canadian literature to 1867",1,"https://shawngraham.github.io/test-collectionbuilder/browse.html#canadian%20literature%20to%201867"
"indian land transfers",1,"https://shawngraham.github.io/test-collectionbuilder/browse.html#indian%20land%20transfers"
"yorkshire (england)",1,"https://shawngraham.github.io/test-collectionbuilder/browse.html#yorkshire%20(england)"
"crime",1,"https://shawngraham.github.io/test-collectionbuilder/browse.html#crime"
"history to 1485crime",1,"https://shawngraham.github.io/test-collectionbuilder/browse.html#history%20to%201485crime"
"economic aspects",1,"https://shawngraham.github.io/test-collectionbuilder/browse.html#economic%20aspects"
"history 1784-1867",1,"https://shawngraham.github.io/test-collectionbuilder/browse.html#history%201784-1867"
"porter, peter buell",1,"https://shawngraham.github.io/test-collectionbuilder/browse.html#porter,%20peter%20buell"
"anglo-american joint commission (1816-1822)",1,"https://shawngraham.github.io/test-collectionbuilder/browse.html#anglo-american%20joint%20commission%20(1816-1822)"
"allegiance",1,"https://shawngraham.github.io/test-collectionbuilder/browse.html#allegiance"
"stalin, joseph, 1879-1953soviet union",1,"https://shawngraham.github.io/test-collectionbuilder/browse.html#stalin,%20joseph,%201879-1953soviet%20union"
"history revolution, 1917-1921",1,"https://shawngraham.github.io/test-collectionbuilder/browse.html#history%20revolution,%201917-1921"
"courts",1,"https://shawngraham.github.io/test-collectionbuilder/browse.html#courts"
"coroners",1,"https://shawngraham.github.io/test-collectionbuilder/browse.html#coroners"
"criminal procedure",1,"https://shawngraham.github.io/test-collectionbuilder/browse.html#criminal%20procedure"
"sects",1,"https://shawngraham.github.io/test-collectionbuilder/browse.html#sects"
"social mobility",1,"https://shawngraham.github.io/test-collectionbuilder/browse.html#social%20mobility"
"history revolution, 1789-1799dumouriez, charles francois duperier, 1789-1823girondists",1,"https://shawngraham.github.io/test-collectionbuilder/browse.html#history%20revolution,%201789-1799dumouriez,%20charles%20francois%20duperier,%201789-1823girondists"
"history reign of terror, 1793-1794",1,"https://shawngraham.github.io/test-collectionbuilder/browse.html#history%20reign%20of%20terror,%201793-1794"
"normandy (france)",1,"https://shawngraham.github.io/test-collectionbuilder/browse.html#normandy%20(france)"
"brittany (france)",1,"https://shawngraham.github.io/test-collectionbuilder/browse.html#brittany%20(france)"
"catholic church",1,"https://shawngraham.github.io/test-collectionbuilder/browse.html#catholic%20church"
"metis",1,"https://shawngraham.github.io/test-collectionbuilder/browse.html#metis"
"algoma steel corporation",1,"https://shawngraham.github.io/test-collectionbuilder/browse.html#algoma%20steel%20corporation"
"steel industry and trade",1,"https://shawngraham.github.io/test-collectionbuilder/browse.html#steel%20industry%20and%20trade"
"dunn, james, sir, 1875-1956",1,"https://shawngraham.github.io/test-collectionbuilder/browse.html#dunn,%20james,%20sir,%201875-1956"
"moreau, jean victor marie, 1763-1813france",1,"https://shawngraham.github.io/test-collectionbuilder/browse.html#moreau,%20jean%20victor%20marie,%201763-1813france"
"history consulate and empire, 1799-1815",1,"https://shawngraham.github.io/test-collectionbuilder/browse.html#history%20consulate%20and%20empire,%201799-1815"
"history 1791-1841ontario",1,"https://shawngraham.github.io/test-collectionbuilder/browse.html#history%201791-1841ontario"
"1791-1841strachan, john,",1,"https://shawngraham.github.io/test-collectionbuilder/browse.html#1791-1841strachan,%20john,"
"1778-1867",1,"https://shawngraham.github.io/test-collectionbuilder/browse.html#1778-1867"
"saint lawrence river",1,"https://shawngraham.github.io/test-collectionbuilder/browse.html#saint%20lawrence%20river"
"beauharnois power corporation",1,"https://shawngraham.github.io/test-collectionbuilder/browse.html#beauharnois%20power%20corporation"
"stolypin, petr arkad'evich, 1862-1911",1,"https://shawngraham.github.io/test-collectionbuilder/browse.html#stolypin,%20petr%20arkad'evich,%201862-1911"
"politics and government 1904-1914",1,"https://shawngraham.github.io/test-collectionbuilder/browse.html#politics%20and%20government%201904-1914"
"switzerland",1,"https://shawngraham.github.io/test-collectionbuilder/browse.html#switzerland"
"history helvetic republic, 1798-1803",1,"https://shawngraham.github.io/test-collectionbuilder/browse.html#history%20helvetic%20republic,%201798-1803"
"dept",1,"https://shawngraham.github.io/test-collectionbuilder/browse.html#dept"
"of labor",1,"https://shawngraham.github.io/test-collectionbuilder/browse.html#of%20labor"
"mediation and conciliation, industrial",1,"https://shawngraham.github.io/test-collectionbuilder/browse.html#mediation%20and%20conciliation,%20industrial"
"statistics",1,"https://shawngraham.github.io/test-collectionbuilder/browse.html#statistics"
"chamberlain, joseph, 1836-1914imperial preference",1,"https://shawngraham.github.io/test-collectionbuilder/browse.html#chamberlain,%20joseph,%201836-1914imperial%20preference"
"politics and government 1896-1911",1,"https://shawngraham.github.io/test-collectionbuilder/browse.html#politics%20and%20government%201896-1911"
"land transfers",1,"https://shawngraham.github.io/test-collectionbuilder/browse.html#land%20transfers"
"progress",1,"https://shawngraham.github.io/test-collectionbuilder/browse.html#progress"
"canadian literature 19th century",1,"https://shawngraham.github.io/test-collectionbuilder/browse.html#canadian%20literature%2019th%20century"
"foreign relations 1910-1936germany",1,"https://shawngraham.github.io/test-collectionbuilder/browse.html#foreign%20relations%201910-1936germany"
"diplomats",1,"https://shawngraham.github.io/test-collectionbuilder/browse.html#diplomats"
"indian reservations",1,"https://shawngraham.github.io/test-collectionbuilder/browse.html#indian%20reservations"
"indians, treatment of",1,"https://shawngraham.github.io/test-collectionbuilder/browse.html#indians,%20treatment%20of"
"pine",1,"https://shawngraham.github.io/test-collectionbuilder/browse.html#pine"
"meighen, arthur, 1874-1960",1,"https://shawngraham.github.io/test-collectionbuilder/browse.html#meighen,%20arthur,%201874-1960"
"politics and government 1921-1930",1,"https://shawngraham.github.io/test-collectionbuilder/browse.html#politics%20and%20government%201921-1930"
"family",1,"https://shawngraham.github.io/test-collectionbuilder/browse.html#family"
"cameron, j",1,"https://shawngraham.github.io/test-collectionbuilder/browse.html#cameron,%20j"
"hillyard, 1817-1876",1,"https://shawngraham.github.io/test-collectionbuilder/browse.html#hillyard,%201817-1876"
"ohio river valley",1,"https://shawngraham.github.io/test-collectionbuilder/browse.html#ohio%20river%20valley"
"history to 1795",1,"https://shawngraham.github.io/test-collectionbuilder/browse.html#history%20to%201795"
"emigration and immigration",1,"https://shawngraham.github.io/test-collectionbuilder/browse.html#emigration%20and%20immigration"
"labor laws and legislation",1,"https://shawngraham.github.io/test-collectionbuilder/browse.html#labor%20laws%20and%20legislation"
"working class",1,"https://shawngraham.github.io/test-collectionbuilder/browse.html#working%20class"
"social",1,"https://shawngraham.github.io/test-collectionbuilder/browse.html#social"
"sonification",1,"https://shawngraham.github.io/test-collectionbuilder/browse.html#sonification"
"environment",1,"https://shawngraham.github.io/test-collectionbuilder/browse.html#environment"
"ottawa river",1,"https://shawngraham.github.io/test-collectionbuilder/browse.html#ottawa%20river"
